CODE,II1,II2,II3,II4,IM1,IM2,IM3,IM4,IM5,IS1,IS2,IS3,IS4,IC1,IC2,IC3,IC4,OI1,OI2,OI3,OI4,II,IM,IS,IC,OI,EC1,EC2,EC3,EC4,EC5,EC6,EC,INM1,INM2,INM3,INM4
1,3,4,4,4,2,2,3,3,2,3,2,3,3,3,3,3,3,3,3,3,3,3.750,2.400,2.750,3.000,3.000,3,3,3,3,4,4,3.333333333333330,3.00000,4.00000,3.00000,3.00000
2,3,3,3,3,3,3,4,4,3,4,4,5,5,4,4,4,4,5,5,4,4,3.000,3.400,4.500,4.000,4.500,4,4,3,3,4,4,3.666666666666670,2.00000,3.00000,4.00000,2.00000
3,3,3,4,4,3,4,4,3,5,4,3,4,4,4,3,4,4,4,4,4,3,3.500,3.800,3.750,3.750,3.750,3,3,3,3,4,4,3.333333333333330,2.00000,4.00000,4.00000,2.00000
4,2,2,2,3,2,3,3,2,3,3,2,2,3,3,3,3,4,3,2,2,3,2.250,2.600,2.500,3.250,2.500,2,2,1,1,2,2,1.666666666666670,5.00000,4.00000,4.00000,5.00000
5,2,3,3,2,1,2,2,3,2,3,2,3,3,3,4,3,3,2,1,2,3,2.500,2.000,2.750,3.250,2.000,2,2,2,2,3,3,2.333333333333330,4.00000,4.00000,4.00000,4.00000
6,3,4,4,3,2,2,3,3,3,3,3,3,3,4,4,3,5,2,3,3,2,3.500,2.600,3.000,4.000,2.500,2,2,3,2,3,4,2.666666666666670,3.00000,4.00000,3.00000,3.00000
7,3,4,3,3,2,2,3,2,2,4,3,4,3,3,4,3,3,4,3,3,4,3.250,2.200,3.500,3.250,3.500,3,3,3,3,4,4,3.333333333333330,3.00000,4.00000,4.00000,3.00000
8,3,3,3,3,3,3,3,3,3,4,3,3,4,4,3,4,4,4,5,4,4,3.000,3.000,3.500,3.750,4.250,3,3,3,3,4,4,3.333333333333330,3.00000,4.00000,4.00000,3.00000
9,3,3,4,4,3,2,3,3,2,3,3,3,4,3,4,3,4,3,3,4,4,3.500,2.600,3.250,3.500,3.500,3,3,3,3,4,4,3.333333333333330,3.00000,4.00000,3.00000,3.00000
10,3,3,3,3,2,3,3,3,4,3,4,4,4,4,4,3,3,4,3,4,3,3.000,3.000,3.750,3.500,3.500,3,3,3,3,4,4,3.333333333333330,3.00000,4.00000,4.00000,3.00000
11,4,3,3,3,2,2,3,3,2,3,2,3,3,4,4,4,3,3,4,3,3,3.250,2.400,2.750,3.750,3.250,2,2,2,2,3,3,2.333333333333330,4.00000,4.00000,4.00000,4.00000
12,3,3,3,3,3,2,3,3,4,2,3,3,3,2,2,3,3,3,3,3,3,3.000,3.000,2.750,2.500,3.000,2,2,2,1,3,3,2.166666666666670,4.00000,4.00000,4.00000,4.00000
13,3,3,3,3,3,3,3,4,3,3,3,3,3,3,3,2,2,2,3,2,1,3.000,3.200,3.000,2.500,2.000,2,2,2,2,3,3,2.333333333333330,4.00000,3.00000,4.00000,4.00000
14,3,3,4,3,3,3,4,4,3,4,3,3,3,4,4,4,4,4,4,4,3,3.250,3.400,3.250,4.000,3.750,3,3,4,4,5,5,4.000000000000000,2.00000,3.00000,3.00000,2.00000
15,3,3,4,3,3,3,3,4,3,4,3,3,4,4,4,4,4,3,4,4,4,3.250,3.200,3.500,4.000,3.750,3,3,3,3,4,4,3.333333333333330,2.00000,4.00000,4.00000,2.00000
16,3,4,4,3,2,2,3,3,3,5,3,3,4,3,3,3,4,3,4,3,2,3.500,2.600,3.750,3.250,3.000,3,3,3,2,3,4,3.000000000000000,3.00000,3.00000,3.00000,3.00000
17,4,4,4,3,3,2,4,3,3,4,3,3,4,3,4,3,3,4,4,4,5,3.750,3.000,3.500,3.250,4.250,3,3,3,3,4,4,3.333333333333330,3.00000,4.00000,4.00000,3.00000
18,4,4,4,4,2,3,3,3,3,4,4,3,4,5,4,4,4,3,5,4,3,4.000,2.800,3.750,4.250,3.750,3,3,3,3,4,4,3.333333333333330,2.00000,3.00000,4.00000,2.00000
19,2,2,3,3,2,3,2,3,2,2,2,2,2,3,2,2,2,2,2,2,2,2.500,2.400,2.000,2.250,2.000,2,2,1,1,2,2,1.666666666666670,5.00000,4.00000,4.00000,5.00000
20,2,3,3,3,3,3,3,3,2,3,3,3,3,4,3,3,4,3,3,3,4,2.750,2.800,3.000,3.500,3.250,2,2,2,2,3,3,2.333333333333330,4.00000,4.00000,4.00000,4.00000
21,3,4,4,3,2,2,3,4,3,3,3,3,4,3,3,3,3,4,4,4,5,3.500,2.800,3.250,3.000,4.250,2,2,2,3,4,3,2.666666666666670,3.00000,4.00000,4.00000,3.00000
22,4,3,4,3,3,3,3,3,3,3,3,3,4,4,4,4,4,4,3,3,3,3.500,3.000,3.250,4.000,3.250,3,3,4,3,4,5,3.666666666666670,2.00000,3.00000,4.00000,2.00000
23,4,5,5,5,3,4,4,4,4,5,4,4,4,4,5,4,4,5,4,5,4,4.750,3.800,4.250,4.250,4.500,4,4,4,4,5,5,4.333333333333330,1.00000,3.00000,3.00000,1.00000
24,4,4,4,4,2,2,2,3,2,3,2,3,3,4,4,4,3,4,4,4,3,4.000,2.200,2.750,3.750,3.750,3,3,3,3,4,4,3.333333333333330,3.00000,4.00000,4.00000,3.00000
25,4,4,4,4,3,3,4,4,4,3,3,3,3,3,2,2,3,5,5,4,4,4.000,3.600,3.000,2.500,4.500,3,3,2,3,4,3,3.000000000000000,3.00000,3.00000,3.00000,3.00000
26,3,3,3,3,3,3,4,5,4,4,3,4,4,3,3,4,2,3,3,3,3,3.000,3.800,3.750,3.000,3.000,3,3,3,3,4,4,3.333333333333330,3.00000,4.00000,4.00000,3.00000
27,4,2,3,3,3,4,4,4,4,4,4,4,4,5,4,4,4,5,4,4,4,3.000,3.800,4.000,4.250,4.250,4,4,3,3,5,4,3.833333333333330,2.00000,3.00000,3.00000,2.00000
28,3,3,4,4,2,3,3,4,3,3,3,4,4,3,4,4,3,3,4,5,4,3.500,3.000,3.500,3.500,4.000,3,3,3,3,4,4,3.333333333333330,3.00000,3.00000,4.00000,3.00000
29,2,3,3,2,3,2,3,3,2,2,2,3,3,3,3,3,3,1,2,1,2,2.500,2.600,2.500,3.000,1.500,1,1,2,1,3,3,1.833333333333330,5.00000,4.00000,4.00000,5.00000
30,2,4,4,3,2,3,2,3,3,4,3,4,4,4,4,4,4,3,3,3,3,3.250,2.600,3.750,4.000,3.000,3,3,3,3,4,4,3.333333333333330,3.00000,4.00000,4.00000,3.00000
31,4,4,4,4,4,3,4,4,5,4,3,4,4,4,3,4,4,4,5,4,5,4.000,4.000,3.750,3.750,4.500,4,4,4,4,5,5,4.333333333333330,1.00000,3.00000,3.00000,1.00000
32,4,4,3,3,3,3,4,4,4,3,3,3,3,3,3,3,3,3,4,4,3,3.500,3.600,3.000,3.000,3.500,3,3,3,3,4,4,3.333333333333330,3.00000,3.00000,4.00000,3.00000
33,4,3,3,4,2,2,2,3,3,3,2,3,3,2,3,3,3,2,3,2,3,3.500,2.400,2.750,2.750,2.500,2,2,2,2,3,3,2.333333333333330,2.00000,2.00000,2.00000,2.00000
34,4,3,4,4,3,3,3,4,4,3,3,3,4,4,3,4,4,3,4,3,4,3.750,3.400,3.250,3.750,3.500,3,3,3,3,4,4,3.333333333333330,4.00000,2.00000,3.00000,4.00000
35,3,4,3,4,3,3,4,3,3,3,4,4,5,4,5,4,4,4,4,3,4,3.500,3.200,4.000,4.250,3.750,4,4,4,4,5,5,4.333333333333330,5.00000,3.00000,3.00000,5.00000
36,3,3,3,3,3,3,4,5,5,3,3,3,3,3,5,4,3,4,4,4,4,3.000,4.000,3.000,3.750,4.000,3,3,3,2,4,4,3.166666666666670,3.00000,2.00000,2.00000,3.00000
37,5,4,5,5,3,3,4,4,5,4,4,4,4,5,4,5,4,4,4,5,5,4.750,3.800,4.000,4.500,4.500,4,4,4,4,5,5,4.333333333333330,5.00000,3.00000,3.00000,5.00000
38,3,4,4,3,2,1,3,2,3,3,3,4,4,2,3,3,3,4,3,4,3,3.500,2.200,3.500,2.750,3.500,2,2,2,2,3,3,2.333333333333330,2.00000,2.00000,2.00000,2.00000
39,3,3,3,2,3,3,4,3,4,4,2,3,3,3,3,3,3,2,2,2,2,2.750,3.400,3.000,3.000,2.000,2,2,2,2,3,3,2.333333333333330,2.00000,2.00000,2.00000,2.00000
40,3,3,3,3,3,3,3,3,4,2,3,2,3,3,4,4,4,3,3,3,4,3.000,3.200,2.500,3.750,3.250,2,2,3,2,3,4,2.666666666666670,3.00000,2.00000,2.00000,3.00000
41,3,3,3,3,4,4,4,4,4,3,3,4,3,4,4,4,4,3,4,4,4,3.000,4.000,3.250,4.000,3.750,3,3,3,3,4,4,3.333333333333330,4.00000,2.00000,2.00000,4.00000
42,4,4,3,3,3,3,4,3,4,4,2,4,4,4,4,4,4,4,3,4,4,3.500,3.400,3.500,4.000,3.750,3,3,3,3,4,4,3.333333333333330,4.00000,2.00000,2.00000,4.00000
43,3,3,3,4,4,4,4,5,4,4,4,4,4,4,3,4,3,4,4,4,5,3.250,4.200,4.000,3.500,4.250,4,4,4,4,5,5,4.333333333333330,5.00000,3.00000,3.00000,5.00000
44,3,3,3,2,2,3,4,2,3,3,3,3,4,5,4,4,5,3,4,3,3,2.750,2.800,3.250,4.500,3.250,3,2,3,3,4,4,3.166666666666670,3.00000,3.00000,3.00000,3.00000
45,4,3,3,3,3,3,3,4,4,4,2,3,3,3,2,3,3,2,3,3,4,3.250,3.400,3.000,2.750,3.000,2,2,2,2,3,3,2.333333333333330,2.00000,2.00000,2.00000,2.00000
46,3,3,4,4,3,3,4,3,3,3,3,4,4,3,3,2,3,3,3,3,3,3.500,3.200,3.500,2.750,3.000,3,3,3,3,4,4,3.333333333333330,3.00000,2.00000,3.00000,3.00000
47,4,4,4,4,4,3,4,4,4,5,4,5,4,3,4,3,4,4,4,4,4,4.000,3.800,4.500,3.500,4.000,4,4,4,3,5,5,4.166666666666670,5.00000,3.00000,3.00000,5.00000
48,4,3,4,4,4,3,4,4,4,5,4,4,5,3,4,4,3,4,4,4,3,3.750,3.800,4.500,3.500,3.750,4,3,4,4,5,5,4.166666666666670,5.00000,3.00000,3.00000,5.00000
49,4,4,5,3,3,2,3,3,4,4,4,4,5,4,4,4,4,5,5,4,3,4.000,3.000,4.250,4.000,4.250,4,4,4,4,4,5,4.166666666666670,5.00000,3.00000,2.00000,5.00000
50,2,3,3,3,1,1,2,2,2,3,3,3,2,3,3,3,3,2,2,2,2,2.750,1.600,2.750,3.000,2.000,2,2,1,2,3,2,2.000000000000000,1.00000,3.00000,3.00000,1.00000
51,2,2,2,2,3,3,4,4,3,3,3,3,4,3,2,3,2,2,3,2,3,2.000,3.400,3.250,2.500,2.500,2,2,2,2,3,3,2.333333333333330,2.00000,2.00000,2.00000,2.00000
52,3,4,3,4,4,4,5,5,5,3,2,2,3,3,3,3,2,4,3,4,4,3.500,4.600,2.500,2.750,3.750,3,3,3,3,4,4,3.333333333333330,3.00000,3.00000,3.00000,3.00000
53,4,4,3,3,3,2,3,3,3,4,3,4,4,4,4,4,4,4,4,4,4,3.500,2.800,3.750,4.000,4.000,3,3,3,3,4,4,3.333333333333330,4.00000,3.00000,3.00000,4.00000
54,3,3,4,3,2,2,2,2,3,4,4,4,5,4,4,3,3,3,3,3,4,3.250,2.200,4.250,3.500,3.250,3,3,3,3,4,4,3.333333333333330,3.00000,3.00000,2.00000,3.00000
55,4,5,5,4,3,2,2,3,3,4,3,3,3,4,4,4,3,3,4,2,4,4.500,2.600,3.250,3.750,3.250,3,3,3,3,4,4,3.333333333333330,4.00000,2.00000,2.00000,4.00000
56,4,3,3,3,3,2,4,4,3,5,4,4,5,3,3,3,3,4,4,4,4,3.250,3.200,4.500,3.000,4.000,3,3,3,3,4,4,3.333333333333330,4.00000,3.00000,3.00000,4.00000
57,3,4,3,3,3,3,3,2,2,3,3,4,5,4,4,4,4,3,2,3,3,3.250,2.600,3.750,4.000,2.750,2,3,2,2,4,3,2.666666666666670,3.00000,3.00000,3.00000,3.00000
58,4,3,3,3,4,4,4,4,4,3,3,3,3,3,4,2,3,4,3,3,4,3.250,4.000,3.000,3.000,3.500,3,3,3,3,4,4,3.333333333333330,3.00000,3.00000,3.00000,3.00000
59,3,4,4,4,3,3,4,4,3,4,3,3,3,4,4,4,3,3,4,3,3,3.750,3.400,3.250,3.750,3.250,3,4,3,3,4,4,3.500000000000000,4.00000,3.00000,3.00000,4.00000
60,4,4,4,3,3,3,3,3,4,3,3,3,3,5,3,4,4,3,3,3,3,3.750,3.200,3.000,4.000,3.000,3,3,3,3,4,4,3.333333333333330,4.00000,2.00000,2.00000,4.00000
61,3,3,3,3,2,2,3,2,3,3,3,3,3,4,3,2,3,3,3,3,2,3.000,2.400,3.000,3.000,2.750,1,2,2,1,3,3,2.000000000000000,2.00000,1.00000,2.00000,2.00000
62,3,3,3,3,2,2,2,3,3,3,3,4,3,3,4,4,4,3,3,2,3,3.000,2.400,3.250,3.750,2.750,2,2,2,2,3,3,2.333333333333330,2.00000,3.00000,2.00000,2.00000
63,4,3,4,2,4,4,4,4,4,3,2,3,3,4,4,4,3,5,5,4,4,3.250,4.000,2.750,3.750,4.500,3,3,3,3,4,4,3.333333333333330,4.00000,2.00000,3.00000,4.00000
64,3,3,4,4,2,2,3,3,4,3,3,4,4,3,3,4,3,3,2,2,3,3.500,2.800,3.500,3.250,2.500,3,2,3,3,4,4,3.166666666666670,3.00000,2.00000,3.00000,3.00000
65,4,3,4,3,3,3,4,3,4,4,4,4,4,4,4,5,4,3,3,4,4,3.500,3.400,4.000,4.250,3.500,4,4,3,3,4,4,3.666666666666670,4.00000,3.00000,3.00000,4.00000
66,4,4,4,4,3,3,4,4,4,4,4,3,4,4,3,4,3,5,4,4,4,4.000,3.600,3.750,3.500,4.250,4,3,3,3,4,4,3.500000000000000,4.00000,3.00000,3.00000,4.00000
67,2,2,2,2,4,4,4,4,5,4,3,4,4,4,4,4,4,4,4,4,4,2.000,4.200,3.750,4.000,4.000,3,3,3,3,4,4,3.333333333333330,4.00000,2.00000,2.00000,4.00000
68,2,3,3,3,2,3,3,3,3,4,3,3,3,3,3,3,2,4,3,4,4,2.750,2.800,3.250,2.750,3.750,2,3,3,2,3,4,2.833333333333330,2.00000,2.00000,2.00000,2.00000
69,3,2,3,3,3,3,2,2,3,3,2,4,3,3,3,3,3,2,2,2,2,2.750,2.600,3.000,3.000,2.000,2,1,2,2,3,3,2.166666666666670,2.00000,2.00000,2.00000,2.00000
70,3,3,4,3,4,3,4,4,4,4,4,4,4,4,4,3,4,5,3,4,4,3.250,3.800,4.000,3.750,4.000,3,4,4,3,5,5,4.000000000000000,4.00000,2.00000,3.00000,4.00000
71,4,3,3,4,2,3,3,3,2,4,3,3,4,4,4,4,4,3,3,4,3,3.500,2.600,3.500,4.000,3.250,3,3,4,3,4,5,3.666666666666670,4.00000,3.00000,3.00000,4.00000
72,4,4,4,4,3,3,4,4,3,5,4,5,4,4,4,4,4,4,3,3,4,4.000,3.400,4.500,4.000,3.500,3,4,3,3,4,4,3.500000000000000,4.00000,3.00000,3.00000,4.00000
73,3,3,4,3,2,2,2,3,2,2,2,3,2,2,3,2,2,2,3,2,3,3.250,2.200,2.250,2.250,2.500,1,1,2,1,2,3,1.666666666666670,1.00000,1.00000,1.00000,1.00000
74,3,2,2,3,1,2,2,3,2,3,2,3,3,3,3,3,3,2,2,2,2,2.500,2.000,2.750,3.000,2.000,1,2,2,1,3,3,2.000000000000000,1.00000,2.00000,2.00000,1.00000
75,2,1,2,2,3,3,4,3,3,2,2,3,3,2,3,3,2,2,3,2,2,1.750,3.200,2.500,2.500,2.250,2,2,2,2,3,3,2.333333333333330,1.00000,2.00000,1.00000,1.00000
76,3,4,4,4,3,3,4,4,3,4,4,4,4,4,4,4,4,3,4,4,4,3.750,3.400,4.000,4.000,3.750,3,3,3,3,4,4,3.333333333333330,4.00000,3.00000,3.00000,4.00000
77,3,3,3,2,2,2,3,3,3,3,3,4,3,3,3,3,3,2,3,3,3,2.750,2.600,3.250,3.000,2.750,2,3,3,2,3,4,2.833333333333330,2.00000,2.00000,2.00000,2.00000
78,3,3,3,3,2,3,3,4,3,3,3,3,4,4,3,3,3,4,3,4,4,3.000,3.000,3.250,3.250,3.750,3,2,3,2,4,4,3.000000000000000,3.00000,2.00000,2.00000,2.00000
79,4,4,4,4,3,2,3,2,2,3,3,3,4,4,3,3,3,3,3,3,3,4.000,2.400,3.250,3.250,3.000,2,3,3,2,4,4,3.000000000000000,3.00000,2.00000,2.00000,2.00000
80,4,4,4,4,4,4,5,4,4,5,3,5,3,4,4,3,4,3,4,4,4,4.000,4.200,4.000,3.750,3.750,4,4,4,4,4,5,4.166666666666670,5.00000,2.00000,2.00000,2.00000
81,3,2,2,3,2,3,3,2,3,2,2,3,3,3,4,3,3,3,2,3,3,2.500,2.600,2.500,3.250,2.750,2,3,2,2,3,3,2.500000000000000,2.00000,2.00000,2.00000,2.00000
82,3,3,3,4,2,3,4,4,3,3,3,4,4,3,2,2,2,3,4,3,3,3.250,3.200,3.500,2.250,3.250,2,3,3,2,3,4,2.833333333333330,3.00000,2.00000,2.00000,2.00000
83,2,2,2,3,3,2,3,3,3,1,2,2,2,4,3,4,3,3,3,3,4,2.250,2.800,1.750,3.500,3.250,2,2,2,2,3,3,2.333333333333330,2.00000,2.00000,2.00000,2.00000
84,4,3,3,3,2,3,3,2,3,4,3,3,4,3,4,4,3,3,3,3,3,3.250,2.600,3.500,3.500,3.000,2,3,2,2,3,3,2.500000000000000,3.00000,2.00000,2.00000,2.00000
85,4,3,3,4,2,2,3,3,3,3,3,3,3,3,2,2,2,3,3,4,3,3.500,2.600,3.000,2.250,3.250,2,2,2,2,3,3,2.333333333333330,2.00000,2.00000,2.00000,2.00000
86,3,2,3,3,3,3,3,4,4,3,3,3,3,2,2,3,2,3,3,3,2,2.750,3.400,3.000,2.250,2.750,2,2,2,2,3,3,2.333333333333330,2.00000,2.00000,2.00000,2.00000
87,2,3,3,3,4,3,3,3,4,2,1,2,3,3,4,3,2,2,2,2,3,2.750,3.400,2.000,3.000,2.250,2,2,2,2,3,3,2.333333333333330,2.00000,2.00000,2.00000,2.00000
88,4,5,4,4,3,2,4,4,3,3,3,3,3,4,4,4,4,4,4,3,3,4.250,3.200,3.000,4.000,3.500,3,3,3,3,4,4,3.333333333333330,4.00000,3.00000,2.00000,3.00000
89,2,3,3,3,3,3,4,4,4,4,3,3,4,2,3,4,3,3,3,3,3,2.750,3.600,3.500,3.000,3.000,2,2,2,2,3,3,2.333333333333330,3.00000,2.00000,2.00000,2.00000
90,4,4,3,3,3,3,4,3,3,3,2,3,3,3,3,3,3,3,3,4,3,3.500,3.200,2.750,3.000,3.250,3,3,3,3,3,4,3.166666666666670,3.00000,2.00000,2.00000,2.00000
91,4,4,3,4,3,3,3,3,4,4,4,4,4,3,3,2,2,3,3,3,3,3.750,3.200,4.000,2.500,3.000,3,3,3,3,4,4,3.333333333333330,3.00000,2.00000,2.00000,2.00000
92,3,3,4,4,3,3,4,4,4,2,1,1,2,3,4,4,3,4,4,3,3,3.500,3.600,1.500,3.500,3.500,3,2,2,3,4,3,2.833333333333330,3.00000,2.00000,2.00000,2.00000
93,4,4,3,3,4,4,5,4,4,3,4,3,4,3,3,3,3,4,4,4,4,3.500,4.200,3.500,3.000,4.000,3,3,3,3,4,4,3.333333333333330,4.00000,2.00000,2.00000,2.00000
94,4,3,4,4,3,3,4,4,3,3,3,3,4,4,4,4,3,5,4,4,3,3.750,3.400,3.250,3.750,4.000,3,3,3,3,4,4,3.333333333333330,4.00000,2.00000,2.00000,2.00000
95,4,4,4,4,3,3,4,4,5,4,4,5,4,4,4,4,4,4,5,5,4,4.000,3.800,4.250,4.000,4.500,4,4,4,4,5,5,4.333333333333330,5.00000,3.00000,3.00000,3.00000
96,4,3,3,3,4,4,5,5,5,4,3,3,4,4,5,5,4,4,5,4,4,3.250,4.600,3.500,4.500,4.250,4,4,4,4,5,5,4.333333333333330,5.00000,3.00000,3.00000,3.00000
97,5,4,4,4,2,3,3,3,3,3,2,3,4,3,3,3,3,4,3,3,4,4.250,2.800,3.000,3.000,3.500,3,3,3,3,4,4,3.333333333333330,3.00000,2.00000,2.00000,2.00000
98,3,2,3,3,3,3,3,4,3,3,3,3,3,3,4,2,4,3,2,3,4,2.750,3.200,3.000,3.250,3.000,2,2,3,2,3,4,2.666666666666670,2.00000,2.00000,2.00000,2.00000
99,5,4,3,5,3,3,3,4,4,5,4,5,4,3,4,3,5,4,3,4,4,4.250,3.400,4.500,3.750,3.750,4,4,4,4,5,5,4.333333333333330,5.00000,3.00000,3.00000,3.00000
100,3,3,3,3,2,3,3,3,4,4,2,3,3,4,4,3,4,4,4,4,3,3.000,3.000,3.000,3.750,3.750,3,2,3,3,4,4,3.166666666666670,3.00000,2.00000,3.00000,2.00000
101,3,3,3,3,3,2,3,3,2,4,4,4,4,4,4,4,4,4,3,4,5,3.000,2.600,4.000,4.000,4.000,2,3,3,3,4,4,3.166666666666670,3.00000,2.00000,2.00000,2.00000
102,4,4,3,5,3,4,5,4,4,4,3,3,3,4,3,4,3,4,5,4,4,4.000,4.000,3.250,3.500,4.250,4,4,4,4,5,5,4.333333333333330,4.00000,3.00000,3.00000,3.00000
103,3,4,4,4,3,3,4,4,4,4,3,4,4,3,4,3,3,3,3,3,3,3.750,3.600,3.750,3.250,3.000,3,3,3,3,4,4,3.333333333333330,4.00000,2.00000,3.00000,2.00000
104,3,2,3,3,3,3,4,4,4,3,2,3,3,3,3,3,3,3,3,3,4,2.750,3.600,2.750,3.000,3.250,3,2,3,3,3,4,3.000000000000000,3.00000,2.00000,2.00000,2.00000
105,3,4,4,4,2,3,3,3,3,4,3,4,3,3,3,3,3,3,2,3,2,3.750,2.800,3.500,3.000,2.500,2,2,2,2,3,3,2.333333333333330,3.00000,3.00000,2.00000,3.00000
106,3,3,3,3,3,4,4,4,4,4,3,3,3,3,3,3,3,4,4,4,4,3.000,3.800,3.250,3.000,4.000,3,3,3,3,4,4,3.333333333333330,3.00000,3.00000,3.00000,3.00000
107,3,3,3,2,3,4,4,4,4,3,2,3,3,3,3,4,3,4,4,4,4,2.750,3.800,2.750,3.250,4.000,2,2,2,2,3,3,2.333333333333330,2.00000,1.00000,2.00000,1.00000
108,3,3,4,3,3,4,3,4,4,5,5,5,5,3,3,3,3,4,4,3,4,3.250,3.600,5.000,3.000,3.750,4,4,3,4,5,4,4.000000000000000,4.00000,3.00000,3.00000,3.00000
109,3,3,3,3,3,3,4,4,3,4,3,4,3,3,3,3,3,3,3,3,4,3.000,3.400,3.500,3.000,3.250,3,3,3,3,4,4,3.333333333333330,3.00000,3.00000,2.00000,3.00000
110,4,4,4,4,2,2,2,2,3,3,3,3,3,3,2,3,3,2,2,3,3,4.000,2.200,3.000,2.750,2.500,2,2,2,2,3,3,2.333333333333330,2.00000,2.00000,2.00000,2.00000
111,2,2,2,2,2,2,2,3,2,4,2,3,4,2,2,3,2,2,2,2,3,2.000,2.200,3.250,2.250,2.250,2,2,2,2,3,3,2.333333333333330,1.00000,2.00000,2.00000,2.00000
112,3,3,4,3,2,2,2,2,2,2,2,2,3,3,3,4,3,2,3,3,3,3.250,2.000,2.250,3.250,2.750,1,2,2,2,3,3,2.166666666666670,2.00000,2.00000,2.00000,2.00000
113,3,3,4,4,3,4,4,4,4,5,4,5,4,5,5,4,4,5,4,5,5,3.500,3.800,4.500,4.500,4.750,4,4,4,4,5,5,4.333333333333330,5.00000,3.00000,3.00000,3.00000
114,4,4,3,3,2,3,3,4,3,3,2,2,2,3,3,3,3,3,3,3,3,3.500,3.000,2.250,3.000,3.000,2,3,3,3,4,4,3.166666666666670,3.00000,3.00000,2.00000,3.00000
115,3,3,4,3,2,2,2,3,2,3,3,3,4,4,4,4,3,3,3,3,3,3.250,2.200,3.250,3.750,3.000,2,2,2,2,3,3,2.333333333333330,2.00000,3.00000,2.00000,3.00000
116,4,4,4,3,3,3,4,4,4,5,3,4,4,4,5,5,4,4,4,3,4,3.750,3.600,4.000,4.500,3.750,4,4,3,4,5,5,4.166666666666670,5.00000,3.00000,3.00000,3.00000
117,4,3,3,3,3,4,4,4,4,3,2,3,3,3,4,3,3,4,3,4,4,3.250,3.800,2.750,3.250,3.750,3,3,3,3,4,4,3.333333333333330,3.00000,3.00000,3.00000,3.00000
118,4,4,5,4,3,3,3,4,3,4,4,4,4,4,3,3,4,4,5,5,4,4.250,3.200,4.000,3.500,4.500,4,4,4,4,5,5,4.333333333333330,5.00000,3.00000,3.00000,3.00000
119,3,4,3,3,3,3,3,3,3,3,3,3,3,5,4,3,4,3,4,3,3,3.250,3.000,3.000,4.000,3.250,3,3,3,3,4,4,3.333333333333330,3.00000,3.00000,2.00000,2.00000
120,4,3,3,3,2,3,3,3,3,3,2,3,3,3,3,4,3,3,4,3,3,3.250,2.800,2.750,3.250,3.250,2,3,3,2,4,3,2.833333333333330,2.00000,2.00000,2.00000,2.00000
121,3,3,3,3,3,3,3,3,4,3,2,3,2,3,4,4,4,3,3,4,3,3.000,3.200,2.500,3.750,3.250,2,2,2,2,3,3,2.333333333333330,2.00000,3.00000,3.00000,3.00000
122,3,3,3,4,1,1,3,2,2,4,3,4,4,2,3,3,3,3,2,3,2,3.250,1.800,3.750,2.750,2.500,1,2,1,1,3,2,1.666666666666670,2.00000,2.00000,2.00000,2.00000
123,3,3,3,3,4,3,4,4,4,1,2,2,3,3,4,4,4,3,3,3,3,3.000,3.800,2.000,3.750,3.000,2,3,3,2,4,3,2.833333333333330,3.00000,2.00000,2.00000,2.00000
124,2,3,3,3,3,3,4,3,4,4,2,3,3,2,3,3,3,3,3,3,3,2.750,3.400,3.000,2.750,3.000,2,2,2,2,3,3,2.333333333333330,2.00000,3.00000,2.00000,2.00000
125,4,4,3,4,2,2,3,3,3,3,3,3,3,3,3,3,3,3,3,2,3,3.750,2.600,3.000,3.000,2.750,3,3,3,3,4,4,3.333333333333330,3.00000,3.00000,2.00000,2.00000
126,3,2,2,2,3,3,3,3,3,4,3,3,4,4,3,3,3,4,3,4,4,2.250,3.000,3.500,3.250,3.750,3,3,2,3,4,4,3.166666666666670,3.00000,2.00000,2.00000,2.00000
127,3,3,4,2,2,2,3,3,3,3,3,3,3,2,2,3,3,3,3,3,3,3.000,2.600,3.000,2.500,3.000,2,2,3,2,4,3,2.666666666666670,2.00000,2.00000,1.00000,1.00000
128,3,3,3,2,3,3,4,4,4,4,3,3,3,4,3,3,2,3,2,3,4,2.750,3.600,3.250,3.000,3.000,3,2,2,3,4,4,3.000000000000000,3.00000,2.00000,2.00000,2.00000
129,5,5,4,5,3,4,4,4,4,4,3,5,3,4,2,3,3,4,4,4,4,4.750,3.800,3.750,3.000,4.000,4,4,3,4,5,5,4.166666666666670,5.00000,2.00000,3.00000,3.00000
130,2,3,3,3,3,3,4,4,4,4,3,4,4,4,4,3,3,3,4,3,3,2.750,3.600,3.750,3.500,3.250,3,3,3,3,4,4,3.333333333333330,3.00000,2.00000,2.00000,2.00000
131,2,2,2,1,2,2,3,3,3,4,2,3,4,2,3,3,3,4,3,3,4,1.750,2.600,3.250,2.750,3.500,2,2,2,2,3,3,2.333333333333330,1.00000,2.00000,1.00000,1.00000
132,2,3,3,2,3,2,3,3,3,4,3,3,3,4,3,4,4,2,3,3,3,2.500,2.800,3.250,3.750,2.750,2,2,2,2,3,3,2.333333333333330,2.00000,2.00000,2.00000,2.00000
133,3,3,3,4,2,3,3,3,3,3,2,3,2,4,3,4,3,2,3,3,2,3.250,2.800,2.500,3.500,2.500,2,3,3,3,4,4,3.166666666666670,3.00000,3.00000,2.00000,2.00000
134,3,3,3,3,2,3,3,3,3,2,2,2,3,3,2,3,3,2,2,3,2,3.000,2.800,2.250,2.750,2.250,2,2,2,2,3,3,2.333333333333330,2.00000,2.00000,2.00000,2.00000
135,4,3,4,3,3,3,3,3,3,2,2,2,2,3,4,4,4,3,3,3,4,3.500,3.000,2.000,3.750,3.250,2,2,2,2,4,3,2.500000000000000,2.00000,2.00000,2.00000,2.00000
136,4,4,5,4,3,4,4,4,4,4,3,4,4,3,4,4,4,3,3,4,4,4.250,3.800,3.750,3.750,3.500,3,3,4,3,4,4,3.500000000000000,4.00000,3.00000,3.00000,3.00000
137,3,4,3,3,4,3,4,3,3,3,2,3,3,4,4,3,4,3,2,3,2,3.250,3.400,2.750,3.750,2.500,2,2,2,2,4,3,2.500000000000000,3.00000,2.00000,2.00000,2.00000
138,2,3,2,3,3,3,4,3,4,3,3,3,3,3,3,2,3,2,3,3,3,2.500,3.400,3.000,2.750,2.750,2,2,2,2,3,3,2.333333333333330,2.00000,2.00000,3.00000,3.00000
139,3,3,3,3,2,2,3,2,3,5,4,3,5,3,3,3,3,3,3,3,3,3.000,2.400,4.250,3.000,3.000,2,2,2,2,3,3,2.333333333333330,2.00000,2.00000,2.00000,2.00000
140,3,4,3,3,3,2,3,3,3,3,2,3,3,4,4,3,3,4,3,3,4,3.250,2.800,2.750,3.500,3.500,2,2,3,2,4,3,2.666666666666670,3.00000,2.00000,2.00000,2.00000
141,4,4,3,4,2,3,4,4,3,3,2,3,3,3,3,4,3,3,4,4,3,3.750,3.200,2.750,3.250,3.500,3,2,3,3,4,4,3.166666666666670,3.00000,2.00000,2.00000,2.00000
142,4,4,3,4,4,3,3,4,4,3,2,3,3,2,3,3,3,4,4,3,2,3.750,3.600,2.750,2.750,3.250,2,2,2,2,3,3,2.333333333333330,3.00000,2.00000,2.00000,2.00000
143,3,4,4,4,3,3,3,3,3,4,4,4,5,4,4,5,4,4,4,4,3,3.750,3.000,4.250,4.250,3.750,3,3,4,3,5,4,3.666666666666670,4.00000,3.00000,2.00000,2.00000
144,3,1,2,3,2,3,3,3,3,3,2,3,3,3,4,4,3,3,3,3,3,2.250,2.800,2.750,3.500,3.000,2,2,2,2,3,3,2.333333333333330,2.00000,2.00000,2.00000,2.00000
145,3,2,2,3,2,3,3,3,3,3,3,3,3,3,3,2,3,3,4,3,3,2.500,2.800,3.000,2.750,3.250,2,1,2,2,3,3,2.166666666666670,2.00000,2.00000,2.00000,2.00000
146,4,4,3,4,3,3,3,4,4,5,3,4,4,4,4,4,3,3,4,4,3,3.750,3.400,4.000,3.750,3.500,3,3,3,3,4,4,3.333333333333330,4.00000,2.00000,2.00000,2.00000
147,3,3,3,4,2,2,3,3,3,3,3,3,3,3,3,3,3,3,3,3,2,3.250,2.600,3.000,3.000,2.750,2,2,2,2,3,3,2.333333333333330,2.00000,2.00000,3.00000,3.00000
148,3,2,3,3,2,1,3,2,3,3,3,4,4,3,3,2,2,1,2,2,2,2.750,2.200,3.500,2.500,1.750,2,2,2,2,3,3,2.333333333333330,2.00000,2.00000,2.00000,2.00000
149,5,5,4,4,3,2,3,4,4,3,3,3,3,4,3,4,4,4,4,4,5,4.500,3.200,3.000,3.750,4.250,3,3,3,3,4,4,3.333333333333330,4.00000,2.00000,2.00000,2.00000
150,3,3,3,2,3,3,3,4,2,3,2,3,3,3,4,4,3,3,4,3,4,2.750,3.000,2.750,3.500,3.500,3,3,3,2,4,3,3.000000000000000,3.00000,2.00000,2.00000,2.00000
151,3,4,4,3,3,3,3,3,3,5,4,4,4,3,4,4,4,4,4,4,3,3.500,3.000,4.250,3.750,3.750,3,3,3,3,4,4,3.333333333333330,4.00000,2.00000,2.00000,2.00000
152,3,3,3,3,3,3,3,3,4,3,3,3,4,3,3,3,3,3,3,3,4,3.000,3.200,3.250,3.000,3.250,3,2,2,3,4,4,3.000000000000000,3.00000,2.00000,2.00000,2.00000
153,4,4,4,4,2,4,4,4,3,4,3,4,5,4,4,4,4,4,4,5,4,4.000,3.400,4.000,4.000,4.250,4,3,4,4,5,5,4.166666666666670,5.00000,2.00000,2.00000,2.00000
154,3,3,4,4,2,3,3,3,2,3,3,3,3,3,3,3,3,2,2,1,2,3.500,2.600,3.000,3.000,1.750,3,3,2,3,4,4,3.166666666666670,3.00000,2.00000,2.00000,2.00000
155,3,4,3,4,2,3,4,4,4,4,4,4,4,4,3,3,4,4,4,3,4,3.500,3.400,4.000,3.500,3.750,3,3,3,3,4,4,3.333333333333330,4.00000,2.00000,2.00000,2.00000
156,3,4,3,3,3,3,3,4,4,3,2,2,3,2,3,2,2,4,4,5,3,3.250,3.400,2.500,2.250,4.000,2,2,2,2,4,3,2.500000000000000,2.00000,2.00000,2.00000,2.00000
157,3,5,4,4,3,2,3,4,3,3,2,3,3,4,4,4,4,4,5,3,4,4.000,3.000,2.750,4.000,4.000,3,3,3,3,4,4,3.333333333333330,4.00000,2.00000,3.00000,3.00000
158,4,3,4,3,3,2,3,2,3,3,3,2,3,3,3,3,3,3,3,3,2,3.500,2.600,2.750,3.000,2.750,2,2,2,2,3,3,2.333333333333330,2.00000,2.00000,3.00000,3.00000
159,4,3,4,3,3,2,3,3,3,3,3,3,3,3,3,3,3,3,3,3,3,3.500,2.800,3.000,3.000,3.000,3,3,3,3,3,4,3.166666666666670,3.00000,2.00000,2.00000,2.00000
160,2,3,2,3,3,3,4,4,4,3,3,3,3,3,3,3,2,2,2,3,3,2.500,3.600,3.000,2.750,2.500,3,3,2,2,4,3,2.833333333333330,2.00000,2.00000,3.00000,3.00000
161,3,3,3,2,3,3,3,3,3,4,3,3,3,4,3,4,4,4,2,3,4,2.750,3.000,3.250,3.750,3.250,2,2,2,2,3,3,2.333333333333330,3.00000,2.00000,2.00000,2.00000
162,2,2,3,2,3,3,4,3,3,4,3,3,3,4,4,3,4,4,3,4,4,2.250,3.200,3.250,3.750,3.750,3,3,3,3,4,4,3.333333333333330,3.00000,2.00000,2.00000,2.00000
163,3,4,3,3,2,3,4,4,3,3,2,4,3,3,4,4,4,4,4,3,4,3.250,3.200,3.000,3.750,3.750,3,2,3,3,4,4,3.166666666666670,3.00000,2.00000,2.00000,2.00000
164,3,4,4,4,3,4,4,4,4,2,3,3,3,3,3,3,4,4,3,3,4,3.750,3.800,2.750,3.250,3.500,3,3,3,3,4,4,3.333333333333330,3.00000,3.00000,3.00000,3.00000
165,4,3,4,3,3,3,3,3,4,3,3,3,3,4,3,3,3,4,4,4,3,3.500,3.200,3.000,3.250,3.750,3,3,3,1,4,2,2.666666666666670,3.00000,2.00000,2.00000,2.00000
166,3,4,4,2,3,3,4,3,4,4,4,4,4,3,3,3,3,3,3,4,3,3.250,3.400,4.000,3.000,3.250,3,3,3,3,4,4,3.333333333333330,3.00000,3.00000,3.00000,3.00000
167,3,2,4,3,4,4,3,4,4,4,3,5,4,2,3,3,3,4,4,4,4,3.000,3.800,4.000,2.750,4.000,3,3,3,3,4,4,3.333333333333330,3.00000,2.00000,2.00000,2.00000
168,4,3,4,4,2,3,4,5,4,3,2,3,3,3,2,3,3,4,3,3,3,3.750,3.600,2.750,2.750,3.250,2,3,3,2,3,3,2.666666666666670,3.00000,2.00000,2.00000,2.00000
169,4,4,3,5,3,2,3,4,4,3,2,3,4,4,4,4,4,4,5,4,4,4.000,3.200,3.000,4.000,4.250,3,3,3,3,4,4,3.333333333333330,4.00000,2.00000,2.00000,2.00000
170,3,2,3,3,2,2,2,2,3,4,4,3,4,3,2,2,3,3,4,4,4,2.750,2.200,3.750,2.500,3.750,2,2,1,2,3,3,2.166666666666670,2.00000,2.00000,2.00000,2.00000
171,4,3,3,3,2,2,3,4,4,3,2,3,3,2,4,3,4,3,3,2,3,3.250,3.000,2.750,3.250,2.750,2,3,2,2,4,3,2.666666666666670,2.00000,2.00000,3.00000,3.00000
172,4,3,4,4,3,3,3,3,3,3,3,3,3,5,4,5,5,3,4,3,4,3.750,3.000,3.000,4.750,3.500,4,4,3,4,5,5,4.166666666666670,4.00000,4.00000,3.00000,3.00000
173,4,4,4,4,2,3,3,3,4,4,3,3,3,3,4,3,3,3,3,3,3,4.000,3.000,3.250,3.250,3.000,2,2,2,2,4,3,2.500000000000000,3.00000,2.00000,2.00000,2.00000
174,4,4,4,4,3,3,4,3,3,3,2,4,2,3,2,3,2,3,4,3,2,4.000,3.200,2.750,2.500,3.000,2,3,2,2,3,3,2.500000000000000,2.00000,2.00000,2.00000,2.00000
175,3,4,3,3,2,3,4,4,4,4,3,4,4,4,5,4,5,3,4,4,4,3.250,3.400,3.750,4.500,3.750,3,3,4,3,4,4,3.500000000000000,4.00000,3.00000,3.00000,3.00000
176,3,3,3,3,2,1,2,2,2,4,3,3,4,1,2,2,2,3,2,3,3,3.000,1.800,3.500,1.750,2.750,2,1,2,2,3,3,2.166666666666670,1.00000,2.00000,2.00000,2.00000
177,3,3,2,2,3,2,3,3,3,4,3,3,3,4,4,3,4,4,4,4,4,2.500,2.800,3.250,3.750,4.000,3,3,2,1,4,2,2.500000000000000,2.00000,2.00000,2.00000,2.00000
178,2,2,2,1,3,2,4,4,3,4,3,3,3,4,4,4,4,3,3,2,1,1.750,3.200,3.250,4.000,2.250,2,2,2,2,4,3,2.500000000000000,2.00000,3.00000,3.00000,3.00000
179,3,3,3,3,3,3,3,4,3,2,2,2,2,2,3,3,3,3,3,2,3,3.000,3.200,2.000,2.750,2.750,2,1,2,2,3,3,2.166666666666670,2.00000,2.00000,2.00000,2.00000
180,3,3,3,3,3,4,5,4,4,4,4,5,4,3,3,3,3,4,4,5,4,3.000,4.000,4.250,3.000,4.250,4,3,3,3,4,4,3.500000000000000,4.00000,3.00000,3.00000,3.00000
181,4,3,2,3,2,2,3,4,3,3,3,3,4,4,4,4,4,4,4,4,5,3.000,2.800,3.250,4.000,4.250,3,3,3,3,4,4,3.333333333333330,3.00000,3.00000,3.00000,3.00000
182,2,3,2,2,2,2,3,2,2,3,2,3,3,2,3,3,3,2,2,2,2,2.250,2.200,2.750,2.750,2.000,2,2,2,2,3,3,2.333333333333330,1.00000,3.00000,2.00000,2.00000
183,4,2,3,3,2,2,3,3,2,4,4,4,4,4,4,4,4,3,5,4,4,3.000,2.400,4.000,4.000,4.000,3,3,3,3,4,4,3.333333333333330,3.00000,3.00000,2.00000,2.00000
184,3,3,3,2,3,3,4,3,3,4,3,4,4,4,3,3,4,3,3,3,3,2.750,3.200,3.750,3.500,3.000,3,3,3,3,4,4,3.333333333333330,3.00000,3.00000,3.00000,3.00000
185,3,4,3,3,3,3,3,4,4,3,3,4,3,4,3,3,3,3,3,3,4,3.250,3.400,3.250,3.250,3.250,3,3,3,3,4,4,3.333333333333330,3.00000,2.00000,2.00000,2.00000
186,4,4,3,4,3,3,4,4,4,2,2,3,2,4,4,4,4,4,3,4,3,3.750,3.600,2.250,4.000,3.500,3,3,3,3,4,4,3.333333333333330,3.00000,2.00000,2.00000,2.00000
187,3,4,4,3,3,2,3,4,4,4,4,5,5,4,4,4,4,4,4,4,5,3.500,3.200,4.500,4.000,4.250,3,3,3,3,4,4,3.333333333333330,4.00000,3.00000,3.00000,3.00000
188,4,4,4,4,2,3,3,3,3,4,4,4,4,3,4,3,3,4,4,3,4,4.000,2.800,4.000,3.250,3.750,3,3,3,3,4,4,3.333333333333330,4.00000,3.00000,3.00000,3.00000
189,3,3,3,3,2,2,3,2,3,2,2,4,3,3,3,3,3,3,3,2,2,3.000,2.400,2.750,3.000,2.500,2,2,2,1,3,3,2.166666666666670,2.00000,2.00000,2.00000,2.00000
190,3,2,2,3,2,2,3,3,2,4,3,4,3,2,3,3,3,1,2,2,3,2.500,2.400,3.500,2.750,2.000,2,2,2,2,3,3,2.333333333333330,2.00000,2.00000,2.00000,2.00000
191,3,3,3,2,3,3,3,3,4,2,2,2,3,2,2,3,2,2,2,2,3,2.750,3.200,2.250,2.250,2.250,2,2,2,2,3,3,2.333333333333330,2.00000,2.00000,2.00000,2.00000
192,3,3,2,2,3,3,4,4,4,4,3,3,3,3,3,3,3,2,3,2,3,2.500,3.600,3.250,3.000,2.500,2,2,3,2,3,3,2.500000000000000,2.00000,2.00000,2.00000,2.00000
193,4,4,4,3,2,3,3,3,3,3,2,3,3,3,3,2,4,3,3,4,4,3.750,2.800,2.750,3.000,3.500,2,2,2,2,3,3,2.333333333333330,2.00000,2.00000,2.00000,2.00000
194,5,4,5,5,4,4,4,4,4,3,4,4,4,3,3,3,3,3,2,3,3,4.750,4.000,3.750,3.000,2.750,3,3,3,3,4,4,3.333333333333330,4.00000,3.00000,3.00000,3.00000
195,3,4,4,3,3,3,4,4,4,3,2,4,4,4,3,4,3,4,3,4,3,3.500,3.600,3.250,3.500,3.500,3,3,3,2,4,4,3.166666666666670,3.00000,2.00000,2.00000,2.00000
196,3,3,3,3,3,3,4,4,3,4,3,3,3,5,5,4,4,4,4,3,4,3.000,3.400,3.250,4.500,3.750,3,3,3,3,4,4,3.333333333333330,4.00000,3.00000,3.00000,3.00000
197,3,3,4,3,2,3,3,3,3,3,2,3,3,4,3,3,2,3,3,3,3,3.250,2.800,2.750,3.000,3.000,2,2,2,2,3,3,2.333333333333330,2.00000,2.00000,2.00000,2.00000
198,4,4,4,4,3,4,4,4,4,4,3,3,3,5,5,5,5,4,5,4,5,4.000,3.800,3.250,5.000,4.500,4,5,4,4,5,5,4.500000000000000,5.00000,3.00000,3.00000,3.00000
199,3,3,3,3,2,2,4,3,3,4,3,4,4,3,2,3,3,3,2,3,3,3.000,2.800,3.750,2.750,2.750,3,2,3,3,3,3,2.833333333333330,3.00000,2.00000,2.00000,2.00000
200,2,3,4,3,3,3,3,4,3,4,3,4,4,3,3,3,3,3,3,4,2,3.000,3.200,3.750,3.000,3.000,2,3,2,2,3,3,2.500000000000000,3.00000,2.00000,2.00000,2.00000
201,2,3,3,3,3,3,3,3,3,4,3,3,3,4,3,3,3,3,3,3,3,2.750,3.000,3.250,3.250,3.000,2,2,2,2,3,3,2.333333333333330,2.00000,2.00000,2.00000,2.00000
202,3,4,4,3,2,2,3,3,3,3,2,3,3,2,3,2,2,2,3,3,2,3.500,2.600,2.750,2.250,2.500,2,2,1,2,3,3,2.166666666666670,2.00000,2.00000,2.00000,2.00000
203,3,4,3,4,3,2,3,3,3,3,2,3,4,4,3,3,2,3,3,4,3,3.500,2.800,3.000,3.000,3.250,2,3,2,2,3,3,2.500000000000000,2.00000,2.00000,2.00000,2.00000
204,4,4,4,4,2,2,3,2,2,2,2,2,2,4,4,4,3,4,3,4,4,4.000,2.200,2.000,3.750,3.750,2,2,2,2,3,3,2.333333333333330,2.00000,2.00000,2.00000,2.00000
205,4,4,3,3,2,3,3,3,3,4,3,3,4,2,2,2,3,4,5,5,4,3.500,2.800,3.500,2.250,4.500,3,3,3,3,4,4,3.333333333333330,3.00000,2.00000,2.00000,2.00000
206,4,4,3,4,3,4,3,4,5,3,3,3,3,4,4,4,4,3,3,2,2,3.750,3.800,3.000,4.000,2.500,3,4,3,3,4,4,3.500000000000000,4.00000,2.00000,2.00000,2.00000
207,3,4,3,3,2,2,2,2,2,3,3,3,4,2,3,2,2,3,3,4,4,3.250,2.000,3.250,2.250,3.500,2,2,1,2,3,3,2.166666666666670,2.00000,2.00000,2.00000,2.00000
208,3,4,3,4,4,3,4,4,4,4,3,4,3,3,3,3,3,3,2,3,3,3.500,3.800,3.500,3.000,2.750,3,2,3,3,4,4,3.166666666666670,3.00000,3.00000,2.00000,2.00000
209,3,3,4,4,2,2,4,3,3,4,3,3,4,2,3,3,3,4,4,3,3,3.500,2.800,3.500,2.750,3.500,2,2,2,2,3,3,2.333333333333330,2.00000,2.00000,2.00000,2.00000
210,4,4,3,4,4,4,4,5,5,3,3,4,4,5,4,4,3,4,3,4,4,3.750,4.400,3.500,4.000,3.750,4,4,4,4,5,5,4.333333333333330,5.00000,3.00000,3.00000,3.00000
211,4,4,3,3,2,3,3,3,4,3,3,4,4,4,3,3,3,3,4,3,4,3.500,3.000,3.500,3.250,3.500,2,3,3,2,4,4,3.000000000000000,3.00000,2.00000,3.00000,3.00000
212,3,2,3,3,2,2,2,2,3,4,3,4,4,3,3,2,3,2,3,2,2,2.750,2.200,3.750,2.750,2.250,2,2,2,2,2,2,2.000000000000000,2.00000,2.00000,2.00000,2.00000
213,3,3,3,3,2,3,3,4,3,3,3,3,3,3,4,3,4,4,4,4,3,3.000,3.000,3.000,3.500,3.750,2,3,2,2,4,4,2.833333333333330,3.00000,2.00000,2.00000,2.00000
214,4,5,4,5,3,3,3,3,3,2,2,2,1,3,3,3,3,4,3,4,3,4.500,3.000,1.750,3.000,3.500,2,2,2,2,3,3,2.333333333333330,2.00000,2.00000,2.00000,2.00000
215,4,3,4,3,3,3,4,4,3,4,4,4,4,4,5,5,3,3,3,4,4,3.500,3.400,4.000,4.250,3.500,3,3,4,3,5,5,3.833333333333330,4.00000,3.00000,3.00000,3.00000
